{
    "metadata": {
        "version": 3,
        "generator": "io_three",
        "type": "Geometry",
        "normals": 46,
        "uvs": 0,
        "vertices": 68,
        "faces": 66
    },
    "normals": [-0.353038,0.726951,-0.588946,-0.456801,0.422681,-0.782708,-0.456801,0.422681,0.782708,-0.353038,0.726951,0.588946,0.299936,-0.324534,-0.897031,0.698996,-0.331187,-0.633778,0,0,-1,0.299936,-0.324534,0.897031,0.698996,-0.331187,0.633778,0.256447,0.687185,-0.679678,0.455123,-0.562365,0.690329,0,0,1,0.109836,-0.698508,0.707083,0.278542,-0.697378,0.660329,0.455123,-0.562365,-0.690329,0,0.548631,0.836055,0.278542,-0.697378,-0.660329,0.109836,-0.698508,-0.707083,0.256447,0.687185,0.679678,0.720328,0.355327,0.59566,0.720328,0.355327,-0.59566,0.519608,-0.621418,-0.586352,0.519608,-0.621418,0.586352,0,-0.738945,0.673727,0,-0.738945,-0.673727,0,0.548631,-0.836055,0.353038,0.726951,-0.588946,0.353038,0.726951,0.588946,0.456801,0.422681,0.782708,0.456801,0.422681,-0.782708,-0.299936,-0.324534,-0.897031,-0.698996,-0.331187,-0.633778,-0.698996,-0.331187,0.633778,-0.299936,-0.324534,0.897031,-0.256447,0.687185,-0.679678,-0.455123,-0.562365,0.690329,-0.278542,-0.697378,0.660329,-0.109836,-0.698508,0.707083,-0.455123,-0.562365,-0.690329,-0.109836,-0.698508,-0.707083,-0.278542,-0.697378,-0.660329,-0.720328,0.355327,-0.59566,-0.720328,0.355327,0.59566,-0.256447,0.687185,0.679678,-0.519608,-0.621418,-0.586352,-0.519608,-0.621418,0.586352],
    "name": "CubeGeometry",
    "faces": [33,20,26,27,21,0,1,2,3,33,4,0,15,11,4,5,6,6,33,0,4,5,1,5,4,7,8,33,4,11,24,16,4,6,6,9,33,9,6,2,13,10,11,12,13,33,55,10,25,61,11,11,11,11,33,16,24,26,20,9,6,1,0,33,15,0,8,7,6,5,14,6,33,0,1,9,8,5,8,10,14,33,52,15,7,56,6,6,6,6,33,61,25,27,63,11,11,2,15,33,7,8,12,3,6,14,16,17,33,8,9,13,12,14,10,13,16,33,16,17,18,19,9,18,19,20,33,10,5,17,25,11,7,18,11,33,1,5,10,14,8,7,11,11,33,4,16,19,23,4,9,20,21,33,22,23,19,18,22,21,20,19,33,25,17,21,27,11,18,3,2,33,17,5,22,18,18,7,22,19,33,17,16,20,21,18,9,0,3,33,14,10,55,53,11,11,11,11,33,11,15,52,54,6,6,6,6,33,14,53,57,6,11,11,11,11,33,12,13,2,3,16,13,12,17,33,3,2,59,58,17,12,23,24,33,6,57,59,2,11,11,23,12,33,56,7,3,58,6,6,17,24,33,1,14,6,9,8,11,11,10,33,11,54,60,24,6,6,6,6,33,26,62,63,27,1,25,15,2,33,5,4,23,22,7,4,21,22,33,24,60,62,26,6,6,25,1,33,48,49,67,66,26,27,28,29,33,32,39,43,28,30,6,6,31,33,28,29,33,32,31,32,33,30,33,32,44,64,39,30,34,6,6,33,37,41,30,34,35,36,37,11,33,55,61,65,38,11,11,11,11,33,44,48,66,64,34,26,29,6,33,43,35,36,28,6,6,38,31,33,28,36,37,29,31,38,35,32,33,52,56,35,43,6,6,6,6,33,61,63,67,65,11,15,28,11,33,35,31,40,36,6,39,40,38,33,36,40,41,37,38,40,36,35,33,44,47,46,45,34,41,42,43,33,38,65,45,33,11,11,43,33,33,29,42,38,33,32,11,11,33,33,32,51,47,44,30,44,41,34,33,50,46,47,51,45,42,41,44,33,65,67,49,45,11,28,27,43,33,45,46,50,33,43,42,45,33,33,45,49,48,44,43,27,26,34,33,42,53,55,38,11,11,11,11,33,39,54,52,43,6,6,6,6,33,42,34,57,53,11,11,11,11,33,40,31,30,41,40,39,37,36,33,31,58,59,30,39,24,23,37,33,34,30,59,57,11,37,23,11,33,56,58,31,35,6,24,39,6,33,29,37,34,42,32,35,11,11,33,39,64,60,54,6,6,6,6,33,66,67,63,62,29,28,15,25,33,33,50,51,32,33,45,44,30,33,64,66,62,60,6,29,25,6],
    "vertices": [2.14875,-2.72354,-1,2.14875,-2.72354,1,0.471246,-3.9484,1,0.471246,-3.9484,-1,2.40285,0.853721,-1,2.40284,0.853721,1,0.910247,-3.35773,1,0.910247,-3.35773,-1,1.37732,-3.45198,-1,1.37732,-3.45198,1,1.58799,0.903327,1,1.588,0.903327,-1,0.713056,-3.91037,-1,0.713056,-3.91037,1,1.42007,-2.71858,1,1.42007,-2.71858,-1,2.38529,3.49804,-1,2.38529,3.49804,1,4.19915,2.5443,1,4.19915,2.5443,-0.999998,0.881158,3.85075,-1,0.881157,3.85075,1,3.90659,0.842019,1,3.9066,0.842018,-0.999997,0.725096,2.54327,-1,0.725094,2.54327,1,0.534851,3.10799,-1,0.53485,3.10799,1,-2.14875,-2.72354,-1,-2.14875,-2.72354,1,-0.471246,-3.9484,1,-0.471246,-3.9484,-1,-2.40285,0.853721,-1,-2.40284,0.853721,1,-0.910247,-3.35773,1,-0.910247,-3.35773,-1,-1.37732,-3.45198,-1,-1.37732,-3.45198,1,-1.58799,0.903327,1,-1.588,0.903327,-1,-0.713056,-3.91037,-1,-0.713056,-3.91037,1,-1.42007,-2.71858,1,-1.42007,-2.71858,-1,-2.38529,3.49804,-1,-2.38529,3.49804,1,-4.19915,2.5443,1,-4.19915,2.5443,-0.999998,-0.881158,3.85075,-1,-0.881157,3.85075,1,-3.90659,0.842019,1,-3.9066,0.842018,-0.999997,0,-2.70891,-1,0,-2.70891,1,0,1,-1,0,1,1,0,-3.17406,-1,0,-3.17406,1,0,-4.02252,-1,0,-4.02252,1,0,1.90619,-1,0,1.90619,1,0,2.80613,-1,0,2.80613,1,-0.725096,2.54327,-1,-0.725094,2.54327,1,-0.534851,3.10799,-1,-0.53485,3.10799,1],
    "uvs": []
}