{
    "faces": [41,2,0,1,3,2,3,0,1,0,1,2,3,41,3,7,6,2,4,5,6,7,3,4,5,0,41,7,5,4,6,8,9,10,11,4,6,7,5,41,0,4,5,1,14,15,12,13,1,7,6,2,41,0,2,6,4,16,17,18,19,1,0,5,7,41,5,7,3,1,20,21,22,23,6,4,3,2],
    "normals": [-0.577349,-0.577349,-0.577349,-0.577349,-0.577349,0.577349,-0.577349,0.577349,0.577349,-0.577349,0.577349,-0.577349,0.577349,0.577349,-0.577349,0.577349,-0.577349,-0.577349,0.577349,0.577349,0.577349,0.577349,-0.577349,0.577349],
    "name": "Cube.010Geometry",
    "metadata": {
        "version": 3,
        "normals": 8,
        "uvs": 1,
        "vertices": 8,
        "generator": "io_three",
        "faces": 6,
        "type": "Geometry"
    },
    "uvs": [[0.333333,0.666667,0.333333,0.333333,0.666667,0.333333,0.666667,0.666667,0,0.666667,0,0.333333,0.333333,0.333333,0.333333,0.666667,0,0.333333,0,0,0.333333,0,0.333333,0.333333,0.333333,0,0.666667,0,0.666667,0.333333,0.333333,0.333333,1,0,1,0.333333,0.666667,0.333333,0.666667,0,0,0.666667,0.333333,0.666667,0.333333,1,0,1]],
    "vertices": [-0.663484,-3.38956,2.83554,-0.663484,-1.38956,2.83554,-0.663484,-3.38956,0.835537,-0.663484,-1.38956,0.835537,1.33652,-3.38956,2.83554,1.33652,-1.38956,2.83554,1.33652,-3.38956,0.835537,1.33652,-1.38956,0.835537]
}