{
    "metadata": {
        "version": 3,
        "vertices": 114,
        "type": "Geometry",
        "generator": "io_three",
        "uvs": 1,
        "normals": 114,
        "faces": 100
    },
    "vertices": [0.287349,0.269554,-0.329819,0.287349,0.328274,0.372657,0.319072,0.836213,-0.277594,0.320449,0.845579,0.376572,0.456232,0.354941,-0.211885,0.456232,0.363876,0.205414,0.467982,0.833532,-0.173989,0.467981,0.819858,0.208762,0.404498,1.18223,-0.401343,0.337317,1.36897,0.431052,0.5173,1.24047,-0.246985,0.479328,1.15986,0.225631,0.404498,1.63139,-0.543191,0.427173,1.57789,0.461149,0.625401,1.71157,-0.437147,0.624953,1.73195,0.177682,0.236849,2.21368,-0.4366,0.240647,2.19125,0.172165,0.57501,2.09633,-0.385648,0.565645,2.09907,0.105669,0.572187,0.398007,0.029827,0.530326,0.826267,-0.009768,0.541672,0.955918,-0.052982,0.628173,1.43905,-0.110958,0.293832,2.38557,-0.137346,0.682599,2.18074,-0.140152,0.732949,2.00468,-0.385648,0.723584,2.00742,0.105669,0.821924,2.09184,-0.140152,0.851891,1.83115,-0.385648,0.842526,1.83388,0.105669,0.949965,1.87346,-0.140152,0.822003,1.69492,-0.385648,0.812638,1.69765,0.105669,1.01271,1.58949,-0.140152,0.373497,1.99144,0.318297,0.575769,1.91749,0.246158,0.601358,1.89515,-0.462137,0.41071,1.92393,-0.557414,0.662152,1.41725,-0.417969,0.593444,1.44543,0.115231,0.639157,1.24442,-0.110958,0.857087,1.46881,-0.403213,0.847722,1.47935,0.043218,1.02371,1.44955,-0.140152,0.779643,1.14374,-0.376648,0.770476,1.13411,0.115231,0.672617,1.10652,-0.110958,0.904719,1.16063,-0.325149,0.887598,1.15703,0.043218,1.01372,1.15678,-0.140152,-0.287349,0.269554,-0.329819,-0.287349,0.328274,0.372657,-0.319072,0.836213,-0.277594,-0.320449,0.845579,0.376572,0,0.21793,-0.32982,0,0.836213,-0.263844,0,0.845579,0.376572,-0.456232,0.354941,-0.211885,-0.456232,0.363876,0.205414,-0.467982,0.833532,-0.173989,-0.467981,0.819858,0.208762,-0.404498,1.18223,-0.401343,-0.337317,1.36897,0.431052,0,1.18223,-0.401343,0,1.36897,0.431051,-0.5173,1.24047,-0.246985,-0.479328,1.15986,0.225631,-0.404498,1.63139,-0.543191,-0.427173,1.57789,0.461149,0,1.63139,-0.543191,0,1.58039,0.461149,-0.625401,1.71157,-0.437147,-0.624953,1.73195,0.177682,-0.236849,2.21368,-0.4366,-0.240647,2.19125,0.172165,0,2.12508,-0.474488,0,2.08823,0.238907,-0.57501,2.09633,-0.385648,-0.565645,2.09907,0.105669,-0.572187,0.398007,0.029827,-0.530326,0.826267,-0.009768,-0.541672,0.955918,-0.052982,-0.628173,1.43905,-0.110958,-0.293832,2.38557,-0.137346,-0.682599,2.18074,-0.140152,0,0.26192,0.406733,-0.732949,2.00468,-0.385648,-0.723584,2.00742,0.105669,-0.821924,2.09184,-0.140152,-0.851891,1.83115,-0.385648,-0.842526,1.83388,0.105669,-0.949965,1.87346,-0.140152,-0.822003,1.69492,-0.385648,-0.812638,1.69765,0.105669,-1.01271,1.58949,-0.140152,-0.373497,1.99144,0.318297,-0.575769,1.91749,0.246158,0,1.91601,0.344822,-0.601358,1.89515,-0.462137,-0.41071,1.92393,-0.557414,0,1.9185,-0.557414,-0.662152,1.41725,-0.417969,-0.593444,1.44543,0.115231,-0.639157,1.24442,-0.110958,-0.857087,1.46881,-0.403213,-0.847722,1.47935,0.043218,-1.02371,1.44955,-0.140152,-0.779643,1.14374,-0.376648,-0.770476,1.13411,0.115231,-0.672617,1.10652,-0.110958,-0.904719,1.16063,-0.325149,-0.887598,1.15703,0.043218,-1.01372,1.15678,-0.140152],
    "uvs": [[0.581167,0.334915,0.65932,0.339619,0.647907,0.489099,0.576891,0.499804,0.411703,0.317867,0.505728,0.326832,0.518591,0.3818,0.401691,0.449959,0.321883,0.32539,0.308105,0.525926,0.495524,0.148004,0.41205,0.134453,0.318495,0.118813,0.684008,0.101254,0.601887,0.134526,0.657828,0.650812,0.586899,0.664556,0.422447,0.644767,0.327465,0.59698,0.514756,0.56208,0.585321,0.712373,0.635309,0.73478,0.625507,0.858832,0.561572,0.759112,0.348112,0.726346,0.405362,0.699084,0.432279,0.750916,0.349916,0.830673,0.487677,0.894845,0.497321,0.756678,0.182095,0.523427,0.195169,0.31815,0.206291,0.74679,0.182445,0.60534,0.205323,0.086874,0.771102,0.781157,0.795062,0.671803,0.801676,0.483237,0.793837,0.336735,0.801676,0.083452,0.453357,0.715179,0.499951,0.724802,0.546476,0.722562,0.466721,0.681173,0.504458,0.690115,0.540389,0.688713,0.469025,0.661638,0.507991,0.660466,0.542836,0.670473,0.237113,0.825011,0.731555,0.86474,0.529998,0.648487,0.540932,0.634557,0.479684,0.617429,0.492062,0.643984,0.509418,0.64991,0.515295,0.618838,0.517848,0.637371,0.520818,0.633712,0.505313,0.630618,0.507251,0.634643,0.512121,0.637965,0.513306,0.62878]],
    "name": "Cube.001Geometry.2",
    "normals": [0.810358,-0.106235,-0.576159,0.327372,-0.145604,-0.933592,0.383496,-0.34022,-0.858547,0.811457,-0.289376,-0.507675,0.859951,-0.024567,0.509751,0.999512,-0.028748,-0.009705,0.985107,-0.15421,-0.075625,0.875668,-0.132969,0.464217,0.429365,-0.056063,0.901364,0.393536,-0.168737,0.903684,0.998718,0.04294,0.026185,0.819605,9.2e-05,0.572924,0.366588,-0.003998,0.930357,0.200598,0.084323,-0.976012,0.72866,0.042085,-0.683523,0.296426,-0.204871,-0.932798,0.321116,-0.138707,-0.936796,0.532273,-0.116092,0.838527,0.450697,0.007508,0.892636,-0.231147,-0.795068,-0.560717,0.35435,0.168249,-0.919828,0.234169,0.206641,-0.94995,0.225684,0.579272,-0.783227,0.390606,0.63155,-0.669729,0.266335,0.483383,0.833888,0.508713,0.331187,0.794641,0.412336,0.691397,0.593188,0.220618,0.679464,0.699728,0.433699,0.901028,0.00531,0.482864,0.875668,0.005005,0,-0.122593,0.992431,0,-0.040773,0.999146,0,0.428144,0.903684,0,0.096225,0.995331,0,0.022217,0.999725,0,0.167455,-0.98587,0,-0.176519,-0.984283,0,-0.326304,-0.94525,0,-0.128147,-0.991729,0,0.10007,-0.994964,0.551164,0.570208,0.609119,0.703665,0.710471,0.006684,0.500687,0.513504,-0.696829,0.69512,0.185278,0.694601,0.94705,0.320841,0.011933,0.657277,0.193304,-0.728385,0.572771,-0.105014,0.812922,0.996094,0.073153,0.049348,0.551134,0.029847,-0.833857,0,0.552538,0.833461,0,0.379437,-0.925199,0.545549,0.005768,-0.838038,-0.579333,-0.174139,-0.796258,-0.708609,-0.11362,0.696371,0.57625,-0.022401,0.81695,0.996887,0.041108,0.066866,-0.956633,-0.289102,-0.035463,0.62624,-0.072115,-0.776238,-0.382183,-0.310709,-0.870266,-0.277657,-0.165044,0.946379,0.579394,0.080264,0.81106,0.997345,0.014161,0.07123,-0.916379,-0.400098,-0.010681,-0.810358,-0.106235,-0.576159,-0.811457,-0.289376,-0.507675,-0.383496,-0.34022,-0.858547,-0.327372,-0.145604,-0.933592,-0.859951,-0.024567,0.50972,-0.875668,-0.132969,0.464217,-0.985107,-0.15421,-0.075625,-0.999512,-0.028748,-0.009705,-0.429365,-0.056063,0.901364,-0.393536,-0.168737,0.903684,-0.998718,0.04294,0.026185,-0.819605,9.2e-05,0.572924,-0.366588,-0.003998,0.930357,-0.200598,0.084323,-0.976012,-0.72866,0.042085,-0.683523,-0.321116,-0.138707,-0.936796,-0.296426,-0.204871,-0.932798,-0.450697,0.007508,0.892636,-0.532273,-0.116092,0.838527,0.231147,-0.795068,-0.560717,-0.35435,0.168249,-0.919828,-0.390606,0.63155,-0.669729,-0.225684,0.579272,-0.783227,-0.234169,0.206641,-0.94995,-0.266335,0.483383,0.833888,-0.220618,0.679464,0.699728,-0.412336,0.691397,0.593188,-0.508713,0.331187,0.794641,-0.482864,0.875668,0.005005,-0.433699,0.901028,0.00531,-0.703665,0.710471,0.006684,-0.551164,0.570208,0.609119,-0.500687,0.513504,-0.696829,-0.94705,0.320841,0.011933,-0.69512,0.185278,0.694601,-0.657277,0.193304,-0.728385,-0.996094,0.073153,0.049348,-0.572771,-0.105014,0.812922,-0.551134,0.029847,-0.833857,0.579333,-0.174139,-0.796258,-0.545549,0.005768,-0.838038,-0.57625,-0.022401,0.81695,0.708609,-0.11362,0.696371,-0.996887,0.041108,0.066866,0.956633,-0.289102,-0.035463,0.382183,-0.310709,-0.870266,-0.62624,-0.072115,-0.776238,-0.579394,0.080264,0.81106,0.277657,-0.165044,0.946379,-0.997345,0.014161,0.07123,0.916379,-0.400098,-0.010681],