{
    "metadata": {
        "generator": "io_three",
        "type": "Geometry",
        "vertices": 290,
        "version": 3,
        "uvs": 0,
        "faces": 224,
        "normals": 115
    },
    "name": "Cube.005Geometry",
    "vertices": [0.963599,-3.05245,-0.045834,0.951252,-2.92093,-0.045834,0.963599,-3.05245,0.018112,0.973342,-3.19554,-0.045834,0.963599,-3.05245,-0.109781,0.951252,-2.92093,-0.109781,0.951252,-2.92093,0.018112,0.973342,-3.19554,0.018112,0.973342,-3.19554,-0.109781,0.892968,-2.49774,-0.045834,0.87171,-2.36613,-0.045834,0.892968,-2.49774,0.018112,0.915074,-2.64304,-0.045834,0.892968,-2.49774,-0.109781,0.87171,-2.36613,-0.109781,0.87171,-2.36613,0.018112,0.915074,-2.64304,0.018112,0.915074,-2.64304,-0.109781,0.995288,-3.80606,-0.045835,0.988689,-3.5659,-0.045834,0.995288,-3.80606,0.017998,1.00127,-4.08354,-0.045837,0.995288,-3.80606,-0.109668,0.988689,-3.5659,-0.109781,0.988689,-3.5659,0.018112,1.00127,-4.08354,0.017654,1.00127,-4.08354,-0.109328,1.01604,-5.11685,-0.045853,1.01171,-4.75239,-0.045846,1.01604,-5.11685,0.014451,1.01952,-5.46475,-0.04586,1.01604,-5.11685,-0.106158,1.01171,-4.75239,-0.107516,1.01171,-4.75239,0.015824,1.01952,-5.46475,0.013078,1.01952,-5.46475,-0.104799,1.01275,-6.44436,-0.045872,1.0166,-6.4195,-0.045872,1.01283,-6.44433,0.009019,1.00855,-6.45371,-0.045872,1.01283,-6.44433,-0.100764,1.0166,-6.4195,-0.102534,1.0166,-6.4195,0.01079,1.00885,-6.4536,0.003707,1.00885,-6.4536,-0.095452,0.835322,-2.16438,-0.045834,0.831475,-2.15136,-0.045834,0.83536,-2.16443,0.016114,0.842313,-2.19778,-0.045834,0.83536,-2.16443,-0.107783,0.831627,-2.15155,-0.101788,0.831627,-2.15155,0.010119,0.842313,-2.19778,0.018112,0.842313,-2.19778,-0.109781,1.0231,-6.17238,-0.045872,1.02312,-6.00117,-0.04587,1.0231,-6.17238,0.010904,1.02197,-6.29242,-0.045872,1.0231,-6.17238,-0.102648,1.02312,-6.00117,-0.102987,1.02312,-6.00117,0.011248,1.02197,-6.29242,0.01079,1.02197,-6.29242,-0.102534,-0.993855,-3.05245,-0.045834,-0.993855,-3.05245,-0.109781,-1.0036,-3.19554,-0.045834,-0.993855,-3.05245,0.018112,-0.981509,-2.92093,-0.045834,-0.981509,-2.92093,-0.109781,-1.0036,-3.19554,-0.109781,-1.0036,-3.19554,0.018112,-0.981509,-2.92093,0.018112,-0.923225,-2.49774,-0.045834,-0.923225,-2.49774,-0.109781,-0.945331,-2.64304,-0.045834,-0.923225,-2.49774,0.018112,-0.901967,-2.36613,-0.045834,-0.901967,-2.36613,-0.109781,-0.945331,-2.64304,-0.109781,-0.945331,-2.64304,0.018112,-0.901967,-2.36613,0.018112,-1.02554,-3.80606,-0.045835,-1.02554,-3.80606,-0.109668,-1.03153,-4.08354,-0.045837,-1.02554,-3.80606,0.017998,-1.01894,-3.5659,-0.045834,-1.01894,-3.5659,-0.109781,-1.03153,-4.08354,-0.109328,-1.03153,-4.08354,0.017654,-1.01894,-3.5659,0.018112,-1.0463,-5.11685,-0.045853,-1.0463,-5.11685,-0.106158,-1.04977,-5.46475,-0.04586,-1.0463,-5.11685,0.014451,-1.04197,-4.75239,-0.045846,-1.04197,-4.75239,-0.107516,-1.04977,-5.46475,-0.104799,-1.04977,-5.46475,0.013078,-1.04197,-4.75239,0.015824,-1.04301,-6.44436,-0.045872,-1.04308,-6.44433,-0.100764,-1.03881,-6.45371,-0.045872,-1.04308,-6.44433,0.009019,-1.04686,-6.4195,-0.045872,-1.04686,-6.4195,-0.102534,-1.0391,-6.4536,-0.095452,-1.0391,-6.4536,0.003707,-1.04686,-6.4195,0.01079,-0.865579,-2.16438,-0.045834,-0.865617,-2.16443,-0.107783,-0.87257,-2.19778,-0.045834,-0.865617,-2.16443,0.016114,-0.861731,-2.15136,-0.045834,-0.861883,-2.15155,-0.101788,-0.87257,-2.19778,-0.109781,-0.87257,-2.19778,0.018112,-0.861883,-2.15155,0.010119,-1.05336,-6.17238,-0.045872,-1.05336,-6.17238,-0.102648,-1.05223,-6.29242,-0.045872,-1.05336,-6.17238,0.010904,-1.05337,-6.00117,-0.04587,-1.05337,-6.00117,-0.102987,-1.05223,-6.29242,-0.102534,-1.05223,-6.29242,0.01079,-1.05337,-6.00117,0.011248,0.829503,-2.14892,-0.093794,0.829199,-2.14854,-0.045834,0.829503,-2.14892,0.002125,0.935383,-2.78858,0.018112,0.935383,-2.78858,-0.045834,0.935383,-2.78858,-0.109781,0.981399,-3.36256,0.018112,0.981399,-3.36256,-0.045834,0.981399,-3.36256,-0.109781,1.00672,-4.39881,0.016968,1.00672,-4.39881,-0.04584,1.00672,-4.39881,-0.108649,1.02194,-5.76866,0.011934,1.02194,-5.76866,-0.045866,1.02194,-5.76866,-0.103667,1.00476,-6.45509,-0.003375,1.00418,-6.4553,-0.045872,1.00476,-6.45509,-0.088369,0.951252,-2.92093,-0.173727,0.963599,-3.05245,-0.173727,0.973342,-3.19554,-0.173727,0.951252,-2.92093,0.082058,0.963599,-3.05245,0.082058,0.973342,-3.19554,0.082058,0.87171,-2.36613,-0.173727,0.892968,-2.49774,-0.173727,0.915074,-2.64304,-0.173727,0.87171,-2.36613,0.082058,0.892968,-2.49774,0.082058,0.915074,-2.64304,0.082058,0.988689,-3.5659,-0.173727,0.995288,-3.80606,-0.1735,1.00127,-4.08354,-0.172819,0.988689,-3.5659,0.082059,0.995288,-3.80606,0.08183,1.00127,-4.08354,0.081146,1.01171,-4.75239,-0.169186,1.01604,-5.11685,-0.166462,1.01952,-5.46475,-0.163737,1.01171,-4.75239,0.077494,1.01604,-5.11685,0.074755,1.01952,-5.46475,0.072017,1.0166,-6.4195,-0.159196,1.01297,-6.44428,-0.155655,1.00943,-6.45339,-0.145031,1.0166,-6.4195,0.067452,1.01297,-6.44428,0.063911,1.00943,-6.45339,0.053287,0.83193,-2.15193,-0.157741,0.835436,-2.16452,-0.169731,0.842313,-2.19778,-0.173727,0.83193,-2.15193,0.066072,0.835436,-2.16452,0.078062,0.842313,-2.19778,0.082058,0.853944,-2.26167,0.018112,0.853944,-2.26167,-0.045834,0.853944,-2.26167,-0.109781,1.02312,-6.00117,-0.160105,1.0231,-6.17238,-0.159424,1.02197,-6.29242,-0.159196,1.02312,-6.00117,0.068365,1.0231,-6.17238,0.06768,1.02197,-6.29242,0.067452,1.01978,-6.37142,0.01079,1.01978,-6.37142,-0.045872,1.01978,-6.37142,-0.102534,-0.859759,-2.14892,-0.093794,-0.859456,-2.14854,-0.045834,-0.859759,-2.14892,0.002125,-0.96564,-2.78858,0.018112,-0.96564,-2.78858,-0.045834,-0.96564,-2.78858,-0.109781,-1.01165,-3.36256,0.018112,-1.01165,-3.36256,-0.045834,-1.01165,-3.36256,-0.109781,-1.03698,-4.39881,0.016968,-1.03698,-4.39881,-0.04584,-1.03698,-4.39881,-0.108649,-1.0522,-5.76866,0.011934,-1.0522,-5.76866,-0.045866,-1.0522,-5.76866,-0.103667,-1.03502,-6.45509,-0.003375,-1.03444,-6.4553,-0.045872,-1.03502,-6.45509,-0.088369,-0.981509,-2.92093,-0.173727,-0.993855,-3.05245,-0.173727,-1.0036,-3.19554,-0.173727,-0.981509,-2.92093,0.082058,-0.993855,-3.05245,0.082058,-1.0036,-3.19554,0.082058,-0.901967,-2.36613,-0.173727,-0.923225,-2.49774,-0.173727,-0.945331,-2.64304,-0.173727,-0.901967,-2.36613,0.082058,-0.923225,-2.49774,0.082058,-0.945331,-2.64304,0.082058,-1.01894,-3.5659,-0.173727,-1.02554,-3.80606,-0.1735,-1.03153,-4.08354,-0.172819,-1.01894,-3.5659,0.082059,-1.02554,-3.80606,0.08183,-1.03153,-4.08354,0.081146,-1.04197,-4.75239,-0.169186,-1.0463,-5.11685,-0.166462,-1.04977,-5.46475,-0.163737,-1.04197,-4.75239,0.077494,-1.0463,-5.11685,0.074755,-1.04977,-5.46475,0.072017,-1.04686,-6.4195,-0.159196,-1.04323,-6.44428,-0.155655,-1.03968,-6.45339,-0.145031,-1.04686,-6.4195,0.067452,-1.04323,-6.44428,0.063911,-1.03968,-6.45339,0.053287,-0.862187,-2.15193,-0.157741,-0.865693,-2.16452,-0.169731,-0.87257,-2.19778,-0.173727,-0.862187,-2.15193,0.066072,-0.865693,-2.16452,0.078062,-0.87257,-2.19778,0.082058,-0.8842,-2.26167,0.018112,-0.8842,-2.26167,-0.045834,-0.884201,-2.26167,-0.109781,-1.05337,-6.00117,-0.160105,-1.05336,-6.17238,-0.159424,-1.05223,-6.29242,-0.159196,-1.05337,-6.00117,0.068365,-1.05336,-6.17238,0.06768,-1.05223,-6.29242,0.067452,-1.05004,-6.37142,0.01079,-1.05004,-6.37142,-0.045872,-1.05004,-6.37142,-0.102534,0.830413,-2.15005,-0.133761,0.830413,-2.15005,0.042092,0.935383,-2.78858,0.082058,0.935383,-2.78858,-0.173727,0.981399,-3.36256,0.082059,0.981399,-3.36256,-0.173727,1.00672,-4.39881,0.079776,1.00672,-4.39881,-0.171457,1.02194,-5.76866,0.069734,1.02194,-5.76866,-0.161467,1.00651,-6.45445,0.032038,1.00651,-6.45445,-0.123783,0.853944,-2.26167,-0.173727,0.853944,-2.26167,0.082058,1.01978,-6.37142,-0.159196,1.01978,-6.37142,0.067452,-0.860669,-2.15005,-0.133761,-0.860669,-2.15005,0.042092,-0.96564,-2.78858,0.082058,-0.96564,-2.78858,-0.173727,-1.01165,-3.36256,0.082059,-1.01165,-3.36256,-0.173727,-1.03698,-4.39881,0.079776,-1.03698,-4.39881,-0.171457,-1.0522,-5.76866,0.069734,-1.0522,-5.76866,-0.161467,-1.03677,-6.45445,